Stage,Outcome,Predictor,N,Beta,p_value,CI_Lower,CI_Upper,Beta_per_10pp,q_value_fdr
Tech -> Mechanism (Clustered OLS),ef23_sep_1,mo14_wfaiart,2359,1.03818784746311,0.423917220396845,-1.5064587406027337,3.582834435528954,0.10381878474631101,0.48447682331068
Tech -> Mechanism (Clustered OLS),ef23_sep_1,mo21_robohos,2359,-1.2136247649929552,0.13670191988263253,-2.8119876471026863,0.3847381171167761,-0.12136247649929553,0.21872307181221204
Tech -> Mechanism (Clustered OLS),fa21_psi_90,mo14_wfaiart,2359,-0.020307821977843976,0.06690136424916729,-0.042030146845507266,0.001414502889819317,-0.002030782197784398,0.17840363799777945
Tech -> Mechanism (Clustered OLS),fa21_psi_90,mo21_robohos,2359,0.005464106761625797,0.5114117421963451,-0.010845340128703508,0.021773553651955102,0.0005464106761625797,0.5114117421963451
Tech -> Mechanism (Clustered OLS),fa27_mort_30_pn,mo14_wfaiart,2359,-0.5715238891222592,0.0001510439630827335,-0.8671332158851714,-0.2759145623593468,-0.05715238891222592,0.000604175852330934
Tech -> Mechanism (Clustered OLS),fa27_mort_30_pn,mo21_robohos,2359,-0.2832411885145758,0.10284816985125353,-0.6235689228609023,0.05708654583175071,-0.02832411885145758,0.20569633970250706
Tech -> Mechanism (Clustered OLS),ef6_op_18b,mo14_wfaiart,2359,3.895734224857941,0.254469709729229,-2.8046585638437485,10.59612701355963,0.38957342248579413,0.33929294630563867
Tech -> Mechanism (Clustered OLS),ef6_op_18b,mo21_robohos,2359,16.233465379105386,2.0254446454219096e-09,10.926874772324865,21.540055985885907,1.6233465379105387,1.6203557163375277e-08
