Treatment,Outcome,N,OLS_Beta,OLS_p,OLS_CI_Lower,OLS_CI_Upper,AIPW_ATE,AIPW_p,AIPW_CI_Lower,AIPW_CI_Upper,N_Treated,N_Control,E_Value,E_Value_CI
mo1_genai_composite_score,pl1_ypll_rate,2898,-18.76242530365568,0.4006817783367357,-62.51955616075722,24.994705553445865,-218.6467402660801,0.03992015968063872,-433.87586538619945,-19.494458314284238,567,2331,1.3635768129267942,1.5847093904469454
mo2_robotics_composite_score,pl1_ypll_rate,2898,-17.751965511262746,0.006246479412400073,-30.475506315710497,-5.028424706814997,-86.90556783038119,0.3073852295409182,-240.22868582093733,77.91398181412623,936,1962,1.202719991307198,1.3826018340832176
mo11_ai_staff_scheduling_pct,pl1_ypll_rate,2898,-1.3145184596802264,0.11588768842010354,-2.953172766754136,0.3241358473936835,-68.54322552011763,0.6347305389221557,-350.69176014583724,203.39619653510226,297,2601,1.1794668085801578,1.506191694701311
mo12_ai_predict_staff_needs_pct,pl1_ypll_rate,2898,-1.0622496955055738,0.20804797169283107,-2.7159843316763013,0.5914849406651539,-201.70092854084032,0.06387225548902195,-474.77968974324193,10.65600767649325,317,2581,1.3471210987486335,1.6297830616840612
mo13_ai_predict_patient_demand_pct,pl1_ypll_rate,2898,-1.1349898225287787,0.17819409260555497,-2.787280723918785,0.5173010788612276,-283.57473292645045,0.06387225548902195,-580.6048050514396,19.21920670469784,335,2563,1.4361231949288262,1.7358901323984597
mo14_ai_automate_routine_tasks_pct,pl1_ypll_rate,2898,-1.0955433350680552,0.1610712531062396,-2.627658605984295,0.4365719358481843,-176.4634323734772,0.09181636726546906,-365.87829608668847,20.897777392460547,414,2484,1.3174733778010301,1.5186950149959533
mo15_ai_optimize_workflows_pct,pl1_ypll_rate,2898,-1.5045785298800434,0.034930529045533655,-2.9027255518943704,-0.10643150786571609,-248.67547685332465,0.043912175648702596,-486.5113733081859,-15.888859788846814,450,2448,1.3967911640260158,1.638234944295661
mo21_robotics_in_hospital_pct,pl1_ypll_rate,2898,-2.1280913880768373,0.0008211227047187102,-3.374807718859053,-0.8813750572946217,-116.0557473091194,0.2275449101796407,-308.61715325008385,71.15000003229352,773,2125,1.2435386562186324,1.4583321619939942
